Model,RMSE
Naive,13.022572213754978
ARIMA,5.160120002560905
LSTM,4.14668262670784
Transformer,3.8133726528336935
