Model,RMSE
Naive,13.022572213754978
ARIMA,5.160120002560905
LSTM,3.714572515523623
Transformer,3.841930175702779
