Model,RMSE
Naive,13.022572213754978
ARIMA,5.160120002560905
LSTM,3.9469926032805738
Transformer,3.6717361748607105
